{
  "Get Started-1" : {
    "transaction" : "Get Started-1",
    "sampleCount" : 20,
    "errorCount" : 0,
    "errorPct" : 0.0,
    "meanResTime" : 82.2,
    "medianResTime" : 68.5,
    "minResTime" : 41.0,
    "maxResTime" : 234.0,
    "pct1ResTime" : 178.30000000000013,
    "pct2ResTime" : 231.54999999999995,
    "pct3ResTime" : 234.0,
    "throughput" : 1.1368157790030124,
    "receivedKBytesPerSec" : 111.86311672256011,
    "sentKBytesPerSec" : 0.1620850622406639
  },
  "Get Started-0" : {
    "transaction" : "Get Started-0",
    "sampleCount" : 20,
    "errorCount" : 0,
    "errorPct" : 0.0,
    "meanResTime" : 58.65,
    "medianResTime" : 56.0,
    "minResTime" : 51.0,
    "maxResTime" : 86.0,
    "pct1ResTime" : 63.900000000000006,
    "pct2ResTime" : 84.89999999999998,
    "pct3ResTime" : 86.0,
    "throughput" : 1.1361699710276656,
    "receivedKBytesPerSec" : 0.3850107226041015,
    "sentKBytesPerSec" : 0.1619929841504289
  },
  "HomePage" : {
    "transaction" : "HomePage",
    "sampleCount" : 20,
    "errorCount" : 0,
    "errorPct" : 0.0,
    "meanResTime" : 112.75000000000001,
    "medianResTime" : 103.5,
    "minResTime" : 29.0,
    "maxResTime" : 599.0,
    "pct1ResTime" : 286.50000000000034,
    "pct2ResTime" : 584.2499999999998,
    "pct3ResTime" : 599.0,
    "throughput" : 1.1019890903080058,
    "receivedKBytesPerSec" : 23.05567799878781,
    "sentKBytesPerSec" : 0.13882479750950466
  },
  "Get Started" : {
    "transaction" : "Get Started",
    "sampleCount" : 20,
    "errorCount" : 0,
    "errorPct" : 0.0,
    "meanResTime" : 141.3,
    "medianResTime" : 126.5,
    "minResTime" : 99.0,
    "maxResTime" : 290.0,
    "pct1ResTime" : 237.80000000000013,
    "pct2ResTime" : 287.65,
    "pct3ResTime" : 290.0,
    "throughput" : 1.1330802787377487,
    "receivedKBytesPerSec" : 111.87950576454593,
    "sentKBytesPerSec" : 0.3231049232338111
  },
  "Total" : {
    "transaction" : "Total",
    "sampleCount" : 80,
    "errorCount" : 0,
    "errorPct" : 0.0,
    "meanResTime" : 98.72500000000001,
    "medianResTime" : 71.0,
    "minResTime" : 29.0,
    "maxResTime" : 599.0,
    "pct1ResTime" : 171.8,
    "pct2ResTime" : 242.55,
    "pct3ResTime" : 599.0,
    "throughput" : 4.382120946538125,
    "receivedKBytesPerSec" : 239.26423162248028,
    "sentKBytesPerSec" : 0.7628057214066608
  }
}